[
    {
        "idPaciente": 1,
        "idMedico": 101,
        "idHorarioCitas": 1001,
        "nombres": "María",
        "apellidos": "González",
        "cedula": "1234567890",
        "direccion": "Calle Falsa 123",
        "idCita": 5001,
        "fechaHora": "2024-05-26T08:30:00",
        "disponibilidad": "Disponible",
        "motivoCita": "Examen de rutina",
        "costo": 50,
        "fechaFin": "2024-05-26T09:00:00"
    },
    {
        "idPaciente": 2,
        "idMedico": 102,
        "idHorarioCitas": 1002,
        "nombres": "Pedro",
        "apellidos": "Martínez",
        "cedula": "2345678901",
        "direccion": "Avenida Siempre Viva 742",
        "idCita": 5002,
        "fechaHora": "2024-05-27T10:00:00",
        "disponibilidad": "Disponible",
        "motivoCita": "Consulta por dolor de cabeza",
        "costo": 75,
        "fechaFin": "2024-05-27T10:30:00"
    },
    {
        "idPaciente": 3,
        "idMedico": 103,
        "idHorarioCitas": 1003,
        "nombres": "Luisa",
        "apellidos": "Rodríguez",
        "cedula": "3456789012",
        "direccion": "Calle Principal 456",
        "idCita": 5003,
        "fechaHora": "2024-05-28T14:00:00",
        "disponibilidad": "Disponible",
        "motivoCita": "Seguimiento de tratamiento",
        "costo": 60,
        "fechaFin": "2024-05-28T14:30:00"
    },
    {
        "idPaciente": 4,
        "idMedico": 104,
        "idHorarioCitas": 1004,
        "nombres": "Juan",
        "apellidos": "López",
        "cedula": "4567890123",
        "direccion": "Calle Secundaria 789",
        "idCita": 5004,
        "fechaHora": "2024-05-29T09:30:00",
        "disponibilidad": "Disponible",
        "motivoCita": "Vacunación",
        "costo": 25,
        "fechaFin": "2024-05-29T10:00:00"
    },
    {
        "idPaciente": 5,
        "idMedico": 105,
        "idHorarioCitas": 1005,
        "nombres": "Ana",
        "apellidos": "Sánchez",
        "cedula": "5678901234",
        "direccion": "Avenida Central 321",
        "idCita": 5005,
        "fechaHora": "2024-05-30T11:00:00",
        "disponibilidad": "Disponible",
        "motivoCita": "Control de presión arterial",
        "costo": 45,
        "fechaFin": "2024-05-30T11:30:00"
    },
    {
        "idPaciente": 6,
        "idMedico": 106,
        "idHorarioCitas": 1006,
        "nombres": "Javier",
        "apellidos": "García",
        "cedula": "6789012345",
        "direccion": "Calle Tercera 654",
        "idCita": 5006,
        "fechaHora": "2024-05-31T15:30:00",
        "disponibilidad": "Disponible",
        "motivoCita": "Consulta por alergias",
        "costo": 55,
        "fechaFin": "2024-05-31T16:00:00"
    },
    {
        "idPaciente": 7,
        "idMedico": 107,
        "idHorarioCitas": 1007,
        "nombres": "Elena",
        "apellidos": "Hernández",
        "cedula": "7890123456",
        "direccion": "Boulevard Principal 987",
        "idCita": 5007,
        "fechaHora": "2024-06-01T08:00:00",
        "disponibilidad": "Disponible",
        "motivoCita": "Chequeo general",
        "costo": 30,
        "fechaFin": "2024-06-01T08:30:00"
    },
    {
        "idPaciente": 8,
        "idMedico": 108,
        "idHorarioCitas": 1008,
        "nombres": "Carlos",
        "apellidos": "Díaz",
        "cedula": "8901234567",
        "direccion": "Avenida Segunda 123",
        "idCita": 5008,
        "fechaHora": "2024-06-02T10:30:00",
        "disponibilidad": "Disponible",
        "motivoCita": "Revisión postoperatoria",
        "costo": 85,
        "fechaFin": "2024-06-02T11:00:00"
    },
    {
        "idPaciente": 9,
        "idMedico": 109,
        "idHorarioCitas": 1009,
        "nombres": "Patricia",
        "apellidos": "Fernández",
        "cedula": "9012345678",
        "direccion": "Calle Cuarta 321",
        "idCita": 5009,
        "fechaHora": "2024-06-03T13:00:00",
        "disponibilidad": "Disponible",
        "motivoCita": "Consulta por gripe",
        "costo": 40,
        "fechaFin": "2024-06-03T13:30:00"
    },
    {
        "idPaciente": 10,
        "idMedico": 110,
        "idHorarioCitas": 1010,
        "nombres": "Mario",
        "apellidos": "Pérez",
        "cedula": "0123456789",
        "direccion": "Avenida Quinta 456",
        "idCita": 5010,
        "fechaHora": "2024-06-04T16:30:00",
        "disponibilidad": "Disponible",
        "motivoCita": "Control de diabetes",
        "costo": 70,
        "fechaFin": "2024-06-04T17:00:00"
    }
]